{"cameraMode":{"drawMode":0,"name":"Shaded","section":"Shading Mode"},"sceneLighting":true,"audioPlay":false,"sceneViewState":{"showFog":true,"showMaterialUpdate":false,"showSkybox":true,"showFlares":true,"showImageEffects":true,"showParticleSystems":true},"in2DMode":false,"pivot":{"x":21.216665267944337,"y":16.48027801513672,"z":4.73303747177124},"rotation":{"x":0.13328653573989869,"y":-0.5231683850288391,"z":0.08326269686222077,"w":0.8376216888427734},"size":146.2764129638672,"orthographic":false}